<?xml version="1.0" encoding="UTF-8"?>
<project-private xmlns="http://www.netbeans.org/ns/project-private/1">
    <editor-bookmarks xmlns="http://www.netbeans.org/ns/editor-bookmarks/2" lastBookmarkId="0"/>
    <open-files xmlns="http://www.netbeans.org/ns/projectui-open-files/2">
        <group>
            <file>file:/C:/Users/luis0/OneDrive/Documentos/NetBeansProjects/TopicosTema1/src/GUI/GUI8.java</file>
            <file>file:/C:/Users/luis0/OneDrive/Documentos/NetBeansProjects/TopicosTema1/src/Mas/Tools.java</file>
            <file>file:/C:/Users/luis0/OneDrive/Documentos/NetBeansProjects/TopicosTema1/src/GUI/GUI2.java</file>
            <file>file:/C:/Users/luis0/OneDrive/Documentos/NetBeansProjects/TopicosTema1/src/GUI/GUI5.java</file>
            <file>file:/C:/Users/luis0/OneDrive/Documentos/NetBeansProjects/TopicosTema1/src/GUI/GUIALUMNO.java</file>
            <file>file:/C:/Users/luis0/OneDrive/Documentos/NetBeansProjects/TopicosTema1/src/GUI/GUI6.java</file>
            <file>file:/C:/Users/luis0/OneDrive/Documentos/NetBeansProjects/TopicosTema1/src/GUI/GUI3.java</file>
            <file>file:/C:/Users/luis0/OneDrive/Documentos/NetBeansProjects/TopicosTema1/src/GUI/GUI12.java</file>
            <file>file:/C:/Users/luis0/OneDrive/Documentos/NetBeansProjects/TopicosTema1/src/GUI/GUI1.java</file>
            <file>file:/C:/Users/luis0/OneDrive/Documentos/NetBeansProjects/TopicosTema1/src/GUI/GUI9.java</file>
            <file>file:/C:/Users/luis0/OneDrive/Documentos/NetBeansProjects/TopicosTema1/src/GUI/GUI11.java</file>
            <file>file:/C:/Users/luis0/OneDrive/Documentos/NetBeansProjects/TopicosTema1/src/topicostema1/Main.java</file>
            <file>file:/C:/Users/luis0/OneDrive/Documentos/NetBeansProjects/TopicosTema1/src/GUI/GUI7.java</file>
            <file>file:/C:/Users/luis0/OneDrive/Documentos/NetBeansProjects/TopicosTema1/src/Mas/ListaAlumnos.java</file>
        </group>
    </open-files>
</project-private>
