<?xml version="1.0" encoding="UTF-8"?>
<project-private xmlns="http://www.netbeans.org/ns/project-private/1">
    <editor-bookmarks xmlns="http://www.netbeans.org/ns/editor-bookmarks/2" lastBookmarkId="0"/>
    <open-files xmlns="http://www.netbeans.org/ns/projectui-open-files/2">
        <group>
            <file>file:/C:/Users/luis0/OneDrive/Documentos/NetBeansProjects/Actividad/src/actividad/Tools.java</file>
            <file>file:/C:/Users/luis0/OneDrive/Documentos/NetBeansProjects/Actividad/src/actividad/Persona.java</file>
            <file>file:/C:/Users/luis0/OneDrive/Documentos/NetBeansProjects/Actividad/src/actividad/Estadisticas.java</file>
            <file>file:/C:/Users/luis0/OneDrive/Documentos/NetBeansProjects/Actividad/src/actividad/Actividad.java</file>
        </group>
    </open-files>
</project-private>
